Nombre,Modelo,Color,Lote,Codigo
BLUETOOTH RECEPTOR DE AUDIO,PARA CARRO (T67),,0000124,B13613
BLUETOOTH RECEPTOR DE AUDIO,PARA CARRO (T67),,0000124,B13613
BLUETOOTH RECEPTOR DE AUDIO,PARA CARRO (T67),,0000124,B13613
BLUETOOTH RECEPTOR DE AUDIO,PARA CARRO (T67),,0000124,B13613
BLUETOOTH RECEPTOR DE AUDIO,PARA CARRO (T67),,0000124,B13613
BLUETOOTH RECEPTOR DE AUDIO,PARA CARRO (T67),,0000124,B13613
BLUETOOTH RECEPTOR DE AUDIO,PARA CARRO (T67),,0000124,B13613
BLUETOOTH RECEPTOR DE AUDIO,PARA CARRO (T67),,0000124,B13613
BLUETOOTH RECEPTOR DE AUDIO,PARA CARRO (T67),,0000124,B13613
BLUETOOTH RECEPTOR DE AUDIO,PARA CARRO (T67),,0000124,B13613
BLUETOOTH RECEPTOR DE AUDIO,PARA CARRO (T67),,0000124,B13613
BLUETOOTH RECEPTOR DE AUDIO,PARA CARRO (T67),,0000124,B13613
BLUETOOTH RECEPTOR DE AUDIO,PARA CARRO (T67),,0000124,B13613
BLUETOOTH RECEPTOR DE AUDIO,PARA CARRO (T67),,0000124,B13613
BLUETOOTH RECEPTOR DE AUDIO,PARA CARRO (T67),,0000124,B13613
BLUETOOTH RECEPTOR DE AUDIO,PARA CARRO (T67),,0000124,B13613
BLUETOOTH RECEPTOR DE AUDIO,PARA CARRO (T67),,0000124,B13613
BLUETOOTH RECEPTOR DE AUDIO,PARA CARRO (T67),,0000124,B13613
BLUETOOTH RECEPTOR DE AUDIO,PARA CARRO (T67),,0000124,B13613
BLUETOOTH RECEPTOR DE AUDIO,PARA CARRO (T67),,0000124,B13613
BLUETOOTH RECEPTOR DE AUDIO,PARA CARRO (T67),,0000124,B13613
BLUETOOTH RECEPTOR DE AUDIO,PARA CARRO (T67),,0000124,B13613
BLUETOOTH RECEPTOR DE AUDIO,PARA CARRO (T67),,0000124,B13613
BLUETOOTH RECEPTOR DE AUDIO,PARA CARRO (T67),,0000124,B13613
BLUETOOTH RECEPTOR DE AUDIO,PARA CARRO (T67),,0000124,B13613
BLUETOOTH RECEPTOR DE AUDIO,PARA CARRO (T67),,0000124,B13613
BLUETOOTH RECEPTOR DE AUDIO,PARA CARRO (T67),,0000124,B13613
BLUETOOTH RECEPTOR DE AUDIO,PARA CARRO (T67),,0000124,B13613
BLUETOOTH RECEPTOR DE AUDIO,PARA CARRO (T67),,0000124,B13613
BLUETOOTH RECEPTOR DE AUDIO,PARA CARRO (T67),,0000124,B13613
BLUETOOTH RECEPTOR DE AUDIO,PARA CARRO (T67),,0000124,B13613
BLUETOOTH RECEPTOR DE AUDIO,PARA CARRO (T67),,0000124,B13613
BLUETOOTH RECEPTOR DE AUDIO,PARA CARRO (T67),,0000124,B13613
BLUETOOTH RECEPTOR DE AUDIO,PARA CARRO (T67),,0000124,B13613
BLUETOOTH RECEPTOR DE AUDIO,PARA CARRO (T67),,0000124,B13613
BLUETOOTH RECEPTOR DE AUDIO,PARA CARRO (T67),,0000124,B13613
BLUETOOTH RECEPTOR DE AUDIO,PARA CARRO (T67),,0000124,B13613
BLUETOOTH RECEPTOR DE AUDIO,PARA CARRO (T67),,0000124,B13613
BLUETOOTH RECEPTOR DE AUDIO,PARA CARRO (T67),,0000124,B13613
BLUETOOTH RECEPTOR DE AUDIO,PARA CARRO (T67),,0000124,B13613
LUZ DE RELLENO PARA PC Y TELEFONO,CL-V11,LED RBJ,0000124,B13777
LUZ DE RELLENO PARA PC Y TELEFONO,CL-V11,LED RBJ,0000124,B13777
LUZ DE RELLENO PARA PC Y TELEFONO,CL-V11,LED RBJ,0000124,B13777
LUZ DE RELLENO PARA PC Y TELEFONO,CL-V11,LED RBJ,0000124,B13777
LUZ DE RELLENO PARA PC Y TELEFONO,CL-V11,LED RBJ,0000124,B13777
LUZ DE RELLENO PARA PC Y TELEFONO,CL-V11,LED RBJ,0000124,B13777
LUZ DE RELLENO PARA PC Y TELEFONO,CL-V11,LED RBJ,0000124,B13777
LUZ DE RELLENO PARA PC Y TELEFONO,CL-V11,LED RBJ,0000124,B13777
LUZ DE RELLENO PARA PC Y TELEFONO,CL-V11,LED RBJ,0000124,B13777
LUZ DE RELLENO PARA PC Y TELEFONO,CL-V11,LED RBJ,0000124,B13777
LUZ DE RELLENO PARA PC Y TELEFONO,CL-V11,LED RBJ,0000124,B13777
LUZ DE RELLENO PARA PC Y TELEFONO,CL-V11,LED RBJ,0000124,B13777
LUZ DE RELLENO PARA PC Y TELEFONO,CL-V11,LED RBJ,0000124,B13777
LUZ DE RELLENO PARA PC Y TELEFONO,CL-V11,LED RBJ,0000124,B13777
LUZ DE RELLENO PARA PC Y TELEFONO,CL-V11,LED RBJ,0000124,B13777
LUZ DE RELLENO PARA PC Y TELEFONO,CL-V11,LED RBJ,0000124,B13777
LUZ DE RELLENO PARA PC Y TELEFONO,CL-V11,LED RBJ,0000124,B13777
LUZ DE RELLENO PARA PC Y TELEFONO,CL-V11,LED RBJ,0000124,B13777
LUZ DE RELLENO PARA PC Y TELEFONO,CL-V11,LED RBJ,0000124,B13777
LUZ DE RELLENO PARA PC Y TELEFONO,CL-V11,LED RBJ,0000124,B13777
BILLETERA INTELIGENTE,SERIE VITAGE,FIBRA DE CARBONO,0000124,B13763
BILLETERA INTELIGENTE,SERIE VITAGE,FIBRA DE CARBONO,0000124,B13763
BILLETERA INTELIGENTE,SERIE VITAGE,FIBRA DE CARBONO,0000124,B13763
BILLETERA INTELIGENTE,SERIE VITAGE,FIBRA DE CARBONO,0000124,B13763
BILLETERA INTELIGENTE,SERIE VITAGE,FIBRA DE CARBONO,0000124,B13763
BILLETERA INTELIGENTE,SERIE VITAGE,FIBRA DE CARBONO,0000124,B13763
BILLETERA INTELIGENTE,SERIE VITAGE,GRIS,0000124,B13762
BILLETERA INTELIGENTE,SERIE VITAGE,GRIS,0000124,B13762
BILLETERA INTELIGENTE,SERIE VITAGE,GRIS,0000124,B13762
BILLETERA INTELIGENTE,SERIE VITAGE,GRIS,0000124,B13762
BILLETERA INTELIGENTE,SERIE VITAGE,GRIS,0000124,B13762
BILLETERA INTELIGENTE,SERIE VITAGE,GRIS,0000124,B13762
BILLETERA INTELIGENTE,SERIE VITAGE,MARRON  CLARO,0000124,B13761
BILLETERA INTELIGENTE,SERIE VITAGE,MARRON  CLARO,0000124,B13761
BILLETERA INTELIGENTE,SERIE VITAGE,MARRON  CLARO,0000124,B13761
BILLETERA INTELIGENTE,SERIE VITAGE,MARRON  CLARO,0000124,B13761
BILLETERA INTELIGENTE,SERIE VITAGE,MARRON  CLARO,0000124,B13761
BILLETERA INTELIGENTE,SERIE VITAGE,MARRON  CLARO,0000124,B13761
BILLETERA INTELIGENTE,SERIE VITAGE,MARRON OSCURO,0000124,B13760
BILLETERA INTELIGENTE,SERIE VITAGE,MARRON OSCURO,0000124,B13760
BILLETERA INTELIGENTE,SERIE VITAGE,MARRON OSCURO,0000124,B13760
BILLETERA INTELIGENTE,SERIE VITAGE,MARRON OSCURO,0000124,B13760
BILLETERA INTELIGENTE,SERIE VITAGE,MARRON OSCURO,0000124,B13760
BILLETERA INTELIGENTE,SERIE VITAGE,MARRON OSCURO,0000124,B13760
BILLETERA INTELIGENTE,SERIE VITAGE,NEGRO,0000124,B13759
BILLETERA INTELIGENTE,SERIE VITAGE,NEGRO,0000124,B13759
BILLETERA INTELIGENTE,SERIE VITAGE,NEGRO,0000124,B13759
BILLETERA INTELIGENTE,SERIE VITAGE,NEGRO,0000124,B13759
BILLETERA INTELIGENTE,SERIE VITAGE,NEGRO,0000124,B13759
BILLETERA INTELIGENTE,SERIE VITAGE,NEGRO,0000124,B13759
VIDRIO TEMPLADO NUGLASS 5D,SAMSUNG S23 ULTRA,,0000124,B13127
VIDRIO TEMPLADO NUGLASS 5D,SAMSUNG S23 ULTRA,,0000124,B13127
VIDRIO TEMPLADO NUGLASS 5D,SAMSUNG S23 ULTRA,,0000124,B13127
VIDRIO TEMPLADO NUGLASS 5D,SAMSUNG S23 ULTRA,,0000124,B13127
VIDRIO TEMPLADO NUGLASS 5D,SAMSUNG S23 ULTRA,,0000124,B13127
VIDRIO TEMPLADO NUGLASS 5D,SAMSUNG S23 ULTRA,,0000124,B13127
VIDRIO TEMPLADO NUGLASS 5D,SAMSUNG S23 ULTRA,,0000124,B13127
VIDRIO TEMPLADO NUGLASS 5D,SAMSUNG S23 ULTRA,,0000124,B13127
VIDRIO TEMPLADO NUGLASS 5D,SAMSUNG S23 ULTRA,,0000124,B13127
VIDRIO TEMPLADO NUGLASS 5D,SAMSUNG S23 ULTRA,,0000124,B13127
VIDRIO TEMPLADO NUGLASS 5D,SAMSUNG S23 ULTRA,,0000124,B13127
VIDRIO TEMPLADO NUGLASS 5D,SAMSUNG S23 ULTRA,,0000124,B13127
VIDRIO TEMPLADO NUGLASS 5D,SAMSUNG S23 ULTRA,,0000124,B13127
VIDRIO TEMPLADO NUGLASS 5D,SAMSUNG S23 ULTRA,,0000124,B13127
VIDRIO TEMPLADO NUGLASS 5D,SAMSUNG S23 ULTRA,,0000124,B13127
VIDRIO TEMPLADO NUGLASS 5D,SAMSUNG S23 ULTRA,,0000124,B13127
VIDRIO TEMPLADO NUGLASS 5D,SAMSUNG S23 ULTRA,,0000124,B13127
VIDRIO TEMPLADO NUGLASS 5D,SAMSUNG S23 ULTRA,,0000124,B13127
VIDRIO TEMPLADO NUGLASS 5D,SAMSUNG S23 ULTRA,,0000124,B13127
VIDRIO TEMPLADO NUGLASS 5D,SAMSUNG S23 ULTRA,,0000124,B13127
VIDRIO TEMPLADO NUGLASS 5D,SAMSUNG S23 ULTRA,,0000124,B13127
VIDRIO TEMPLADO NUGLASS 5D,SAMSUNG S23 ULTRA,,0000124,B13127
VIDRIO TEMPLADO NUGLASS 5D,SAMSUNG S23 ULTRA,,0000124,B13127
VIDRIO TEMPLADO NUGLASS 5D,SAMSUNG S23 ULTRA,,0000124,B13127
VIDRIO TEMPLADO NUGLASS 5D,SAMSUNG S23 ULTRA,,0000124,B13127
VIDRIO TEMPLADO NUGLASS 5D,SAMSUNG S23 ULTRA,,0000124,B13127
VIDRIO TEMPLADO NUGLASS 5D,SAMSUNG S23 ULTRA,,0000124,B13127
VIDRIO TEMPLADO NUGLASS 5D,SAMSUNG S23 ULTRA,,0000124,B13127
VIDRIO TEMPLADO NUGLASS 5D,SAMSUNG S23 ULTRA,,0000124,B13127
VIDRIO TEMPLADO NUGLASS 5D,SAMSUNG S23 ULTRA,,0000124,B13127
VIDRIO TEMPLADO NUGLASS 5D,SAMSUNG S23 ULTRA,,0000124,B13127
VIDRIO TEMPLADO NUGLASS 5D,SAMSUNG S23 ULTRA,,0000124,B13127
VIDRIO TEMPLADO NUGLASS 5D,SAMSUNG S23 ULTRA,,0000124,B13127
VIDRIO TEMPLADO NUGLASS 5D,SAMSUNG S23 ULTRA,,0000124,B13127
VIDRIO TEMPLADO NUGLASS 5D,SAMSUNG S23 ULTRA,,0000124,B13127
VIDRIO TEMPLADO NUGLASS 5D,SAMSUNG S23 ULTRA,,0000124,B13127
VIDRIO TEMPLADO NUGLASS 5D,SAMSUNG S23 ULTRA,,0000124,B13127
VIDRIO TEMPLADO NUGLASS 5D,SAMSUNG S23 ULTRA,,0000124,B13127
VIDRIO TEMPLADO NUGLASS 5D,SAMSUNG S23 ULTRA,,0000124,B13127
VIDRIO TEMPLADO NUGLASS 5D,SAMSUNG S23 ULTRA,,0000124,B13127
VIDRIO TEMPLADO NUGLASS 5D,SAMSUNG S23 ULTRA,,0000124,B13127
VIDRIO TEMPLADO NUGLASS 5D,SAMSUNG S23 ULTRA,,0000124,B13127
VIDRIO TEMPLADO NUGLASS 5D,SAMSUNG S23 ULTRA,,0000124,B13127
VIDRIO TEMPLADO NUGLASS 5D,SAMSUNG S23 ULTRA,,0000124,B13127
VIDRIO TEMPLADO NUGLASS 5D,SAMSUNG S23 ULTRA,,0000124,B13127
VIDRIO TEMPLADO NUGLASS 5D,SAMSUNG S23 ULTRA,,0000124,B13127
VIDRIO TEMPLADO NUGLASS 5D,SAMSUNG S23 ULTRA,,0000124,B13127
VIDRIO TEMPLADO NUGLASS 5D,SAMSUNG S23 ULTRA,,0000124,B13127
VIDRIO TEMPLADO NUGLASS 5D,SAMSUNG S23 ULTRA,,0000124,B13127
VIDRIO TEMPLADO NUGLASS 5D,SAMSUNG S23 ULTRA,,0000124,B13127
NUGLASS VIDRIO TEMPLADO 2.5D,SAMSUNG S23FE/A54,,0000124,B13612
NUGLASS VIDRIO TEMPLADO 2.5D,SAMSUNG S23FE/A54,,0000124,B13612
NUGLASS VIDRIO TEMPLADO 2.5D,SAMSUNG S23FE/A54,,0000124,B13612
NUGLASS VIDRIO TEMPLADO 2.5D,SAMSUNG S23FE/A54,,0000124,B13612
NUGLASS VIDRIO TEMPLADO 2.5D,SAMSUNG S23FE/A54,,0000124,B13612
NUGLASS VIDRIO TEMPLADO 2.5D,SAMSUNG S23FE/A54,,0000124,B13612
NUGLASS VIDRIO TEMPLADO 2.5D,SAMSUNG S23FE/A54,,0000124,B13612
NUGLASS VIDRIO TEMPLADO 2.5D,SAMSUNG S23FE/A54,,0000124,B13612
NUGLASS VIDRIO TEMPLADO 2.5D,SAMSUNG S23FE/A54,,0000124,B13612
NUGLASS VIDRIO TEMPLADO 2.5D,SAMSUNG S23FE/A54,,0000124,B13612
NUGLASS VIDRIO TEMPLADO 2.5D,SAMSUNG S23FE/A54,,0000124,B13612
NUGLASS VIDRIO TEMPLADO 2.5D,SAMSUNG S23FE/A54,,0000124,B13612
NUGLASS VIDRIO TEMPLADO 2.5D,SAMSUNG S23FE/A54,,0000124,B13612
NUGLASS VIDRIO TEMPLADO 2.5D,SAMSUNG S23FE/A54,,0000124,B13612
NUGLASS VIDRIO TEMPLADO 2.5D,SAMSUNG S23FE/A54,,0000124,B13612
NUGLASS VIDRIO TEMPLADO 2.5D,SAMSUNG S23FE/A54,,0000124,B13612
NUGLASS VIDRIO TEMPLADO 2.5D,SAMSUNG S23FE/A54,,0000124,B13612
NUGLASS VIDRIO TEMPLADO 2.5D,SAMSUNG S23FE/A54,,0000124,B13612
NUGLASS VIDRIO TEMPLADO 2.5D,SAMSUNG S23FE/A54,,0000124,B13612
NUGLASS VIDRIO TEMPLADO 2.5D,SAMSUNG S23FE/A54,,0000124,B13612
NUGLASS VIDRIO TEMPLADO 2.5D,SAMSUNG S23FE/A54,,0000124,B13612
NUGLASS VIDRIO TEMPLADO 2.5D,SAMSUNG S23FE/A54,,0000124,B13612
NUGLASS VIDRIO TEMPLADO 2.5D,SAMSUNG S23FE/A54,,0000124,B13612
NUGLASS VIDRIO TEMPLADO 2.5D,SAMSUNG S23FE/A54,,0000124,B13612
NUGLASS VIDRIO TEMPLADO 2.5D,SAMSUNG S23FE/A54,,0000124,B13612
NUGLASS VIDRIO TEMPLADO 2.5D,SAMSUNG S23FE/A54,,0000124,B13612
NUGLASS VIDRIO TEMPLADO 2.5D,SAMSUNG S23FE/A54,,0000124,B13612
NUGLASS VIDRIO TEMPLADO 2.5D,SAMSUNG S23FE/A54,,0000124,B13612
NUGLASS VIDRIO TEMPLADO 2.5D,SAMSUNG S23FE/A54,,0000124,B13612
NUGLASS VIDRIO TEMPLADO 2.5D,SAMSUNG S23FE/A54,,0000124,B13612
NUGLASS VIDRIO TEMPLADO 2.5D,SAMSUNG S23FE/A54,,0000124,B13612
NUGLASS VIDRIO TEMPLADO 2.5D,SAMSUNG S23FE/A54,,0000124,B13612
NUGLASS VIDRIO TEMPLADO 2.5D,SAMSUNG S23FE/A54,,0000124,B13612
NUGLASS VIDRIO TEMPLADO 2.5D,SAMSUNG S23FE/A54,,0000124,B13612
NUGLASS VIDRIO TEMPLADO 2.5D,SAMSUNG S23FE/A54,,0000124,B13612
NUGLASS VIDRIO TEMPLADO 2.5D,SAMSUNG S23FE/A54,,0000124,B13612
NUGLASS VIDRIO TEMPLADO 2.5D,SAMSUNG S23FE/A54,,0000124,B13612
NUGLASS VIDRIO TEMPLADO 2.5D,SAMSUNG S23FE/A54,,0000124,B13612
NUGLASS VIDRIO TEMPLADO 2.5D,SAMSUNG S23FE/A54,,0000124,B13612
NUGLASS VIDRIO TEMPLADO 2.5D,SAMSUNG S23FE/A54,,0000124,B13612
NUGLASS VIDRIO TEMPLADO 2.5D,SAMSUNG S23FE/A54,,0000124,B13612
NUGLASS VIDRIO TEMPLADO 2.5D,SAMSUNG S23FE/A54,,0000124,B13612
NUGLASS VIDRIO TEMPLADO 2.5D,SAMSUNG S23FE/A54,,0000124,B13612
NUGLASS VIDRIO TEMPLADO 2.5D,SAMSUNG S23FE/A54,,0000124,B13612
NUGLASS VIDRIO TEMPLADO 2.5D,SAMSUNG S23FE/A54,,0000124,B13612
NUGLASS VIDRIO TEMPLADO 2.5D,SAMSUNG S23FE/A54,,0000124,B13612
NUGLASS VIDRIO TEMPLADO 2.5D,SAMSUNG S23FE/A54,,0000124,B13612
NUGLASS VIDRIO TEMPLADO 2.5D,SAMSUNG S23FE/A54,,0000124,B13612
NUGLASS VIDRIO TEMPLADO 2.5D,SAMSUNG S23FE/A54,,0000124,B13612
NUGLASS VIDRIO TEMPLADO 2.5D,SAMSUNG S23FE/A54,,0000124,B13612
NUGLASS VIDRIO TEMPLADO 2.5D,IPHONE 15 PRO MAX/ 15 PLUS,,0000124,B13426
NUGLASS VIDRIO TEMPLADO 2.5D,IPHONE 15 PRO MAX/ 15 PLUS,,0000124,B13426
NUGLASS VIDRIO TEMPLADO 2.5D,IPHONE 15 PRO MAX/ 15 PLUS,,0000124,B13426
NUGLASS VIDRIO TEMPLADO 2.5D,IPHONE 15 PRO MAX/ 15 PLUS,,0000124,B13426
NUGLASS VIDRIO TEMPLADO 2.5D,IPHONE 15 PRO MAX/ 15 PLUS,,0000124,B13426
NUGLASS VIDRIO TEMPLADO 2.5D,IPHONE 15 PRO MAX/ 15 PLUS,,0000124,B13426
NUGLASS VIDRIO TEMPLADO 2.5D,IPHONE 15 PRO MAX/ 15 PLUS,,0000124,B13426
NUGLASS VIDRIO TEMPLADO 2.5D,IPHONE 15 PRO MAX/ 15 PLUS,,0000124,B13426
NUGLASS VIDRIO TEMPLADO 2.5D,IPHONE 15 PRO MAX/ 15 PLUS,,0000124,B13426
NUGLASS VIDRIO TEMPLADO 2.5D,IPHONE 15 PRO MAX/ 15 PLUS,,0000124,B13426
NUGLASS VIDRIO TEMPLADO 2.5D,IPHONE 15 PRO MAX/ 15 PLUS,,0000124,B13426
NUGLASS VIDRIO TEMPLADO 2.5D,IPHONE 15 PRO MAX/ 15 PLUS,,0000124,B13426
NUGLASS VIDRIO TEMPLADO 2.5D,IPHONE 15 PRO MAX/ 15 PLUS,,0000124,B13426
NUGLASS VIDRIO TEMPLADO 2.5D,IPHONE 15 PRO MAX/ 15 PLUS,,0000124,B13426
NUGLASS VIDRIO TEMPLADO 2.5D,IPHONE 15 PRO MAX/ 15 PLUS,,0000124,B13426
NUGLASS VIDRIO TEMPLADO 2.5D,IPHONE 15 PRO MAX/ 15 PLUS,,0000124,B13426
NUGLASS VIDRIO TEMPLADO 2.5D,IPHONE 15 PRO MAX/ 15 PLUS,,0000124,B13426
NUGLASS VIDRIO TEMPLADO 2.5D,IPHONE 15 PRO MAX/ 15 PLUS,,0000124,B13426
NUGLASS VIDRIO TEMPLADO 2.5D,IPHONE 15 PRO MAX/ 15 PLUS,,0000124,B13426
NUGLASS VIDRIO TEMPLADO 2.5D,IPHONE 15 PRO MAX/ 15 PLUS,,0000124,B13426
NUGLASS VIDRIO TEMPLADO 2.5D,IPHONE 15 PRO MAX/ 15 PLUS,,0000124,B13426
NUGLASS VIDRIO TEMPLADO 2.5D,IPHONE 15 PRO MAX/ 15 PLUS,,0000124,B13426
NUGLASS VIDRIO TEMPLADO 2.5D,IPHONE 15 PRO MAX/ 15 PLUS,,0000124,B13426
NUGLASS VIDRIO TEMPLADO 2.5D,IPHONE 15 PRO MAX/ 15 PLUS,,0000124,B13426
NUGLASS VIDRIO TEMPLADO 2.5D,IPHONE 15 PRO MAX/ 15 PLUS,,0000124,B13426
NUGLASS VIDRIO TEMPLADO 2.5D,IPHONE 15 PRO MAX/ 15 PLUS,,0000124,B13426
NUGLASS VIDRIO TEMPLADO 2.5D,IPHONE 15 PRO MAX/ 15 PLUS,,0000124,B13426
NUGLASS VIDRIO TEMPLADO 2.5D,IPHONE 15 PRO MAX/ 15 PLUS,,0000124,B13426
NUGLASS VIDRIO TEMPLADO 2.5D,IPHONE 15 PRO MAX/ 15 PLUS,,0000124,B13426
NUGLASS VIDRIO TEMPLADO 2.5D,IPHONE 15 PRO MAX/ 15 PLUS,,0000124,B13426
NUGLASS VIDRIO TEMPLADO 2.5D,IPHONE 15 PRO MAX/ 15 PLUS,,0000124,B13426
NUGLASS VIDRIO TEMPLADO 2.5D,IPHONE 15 PRO MAX/ 15 PLUS,,0000124,B13426
NUGLASS VIDRIO TEMPLADO 2.5D,IPHONE 15 PRO MAX/ 15 PLUS,,0000124,B13426
NUGLASS VIDRIO TEMPLADO 2.5D,IPHONE 15 PRO MAX/ 15 PLUS,,0000124,B13426
NUGLASS VIDRIO TEMPLADO 2.5D,IPHONE 15 PRO MAX/ 15 PLUS,,0000124,B13426
NUGLASS VIDRIO TEMPLADO 2.5D,IPHONE 15 PRO MAX/ 15 PLUS,,0000124,B13426
NUGLASS VIDRIO TEMPLADO 2.5D,IPHONE 15 PRO MAX/ 15 PLUS,,0000124,B13426
NUGLASS VIDRIO TEMPLADO 2.5D,IPHONE 15 PRO MAX/ 15 PLUS,,0000124,B13426
NUGLASS VIDRIO TEMPLADO 2.5D,IPHONE 15 PRO MAX/ 15 PLUS,,0000124,B13426
NUGLASS VIDRIO TEMPLADO 2.5D,IPHONE 15 PRO MAX/ 15 PLUS,,0000124,B13426
NUGLASS VIDRIO TEMPLADO 2.5D,IPHONE 15 PRO MAX/ 15 PLUS,,0000124,B13426
NUGLASS VIDRIO TEMPLADO 2.5D,IPHONE 15 PRO MAX/ 15 PLUS,,0000124,B13426
NUGLASS VIDRIO TEMPLADO 2.5D,IPHONE 15 PRO MAX/ 15 PLUS,,0000124,B13426
NUGLASS VIDRIO TEMPLADO 2.5D,IPHONE 15 PRO MAX/ 15 PLUS,,0000124,B13426
NUGLASS VIDRIO TEMPLADO 2.5D,IPHONE 15 PRO MAX/ 15 PLUS,,0000124,B13426
NUGLASS VIDRIO TEMPLADO 2.5D,IPHONE 15 PRO MAX/ 15 PLUS,,0000124,B13426
NUGLASS VIDRIO TEMPLADO 2.5D,IPHONE 15 PRO MAX/ 15 PLUS,,0000124,B13426
NUGLASS VIDRIO TEMPLADO 2.5D,IPHONE 15 PRO MAX/ 15 PLUS,,0000124,B13426
NUGLASS VIDRIO TEMPLADO 2.5D,IPHONE 15 PRO MAX/ 15 PLUS,,0000124,B13426
NUGLASS VIDRIO TEMPLADO 2.5D,IPHONE 15 PRO MAX/ 15 PLUS,,0000124,B13426
NUGLASS VIDRIO TEMPLADO 2.5D,IPHONE 15 PRO MAX/ 15 PLUS,,0000124,B13426
NUGLASS VIDRIO TEMPLADO 2.5D,IPHONE 15 PRO MAX/ 15 PLUS,,0000124,B13426
NUGLASS VIDRIO TEMPLADO 2.5D,IPHONE 15 PRO MAX/ 15 PLUS,,0000124,B13426
NUGLASS VIDRIO TEMPLADO 2.5D,IPHONE 15 PRO MAX/ 15 PLUS,,0000124,B13426
NUGLASS VIDRIO TEMPLADO 2.5D,IPHONE 15 PRO MAX/ 15 PLUS,,0000124,B13426
NUGLASS VIDRIO TEMPLADO 2.5D,IPHONE 15 PRO MAX/ 15 PLUS,,0000124,B13426
NUGLASS VIDRIO TEMPLADO 2.5D,IPHONE 15 PRO MAX/ 15 PLUS,,0000124,B13426
NUGLASS VIDRIO TEMPLADO 2.5D,IPHONE 15 PRO MAX/ 15 PLUS,,0000124,B13426
NUGLASS VIDRIO TEMPLADO 2.5D,IPHONE 15 PRO MAX/ 15 PLUS,,0000124,B13426
NUGLASS VIDRIO TEMPLADO 2.5D,IPHONE 15 PRO MAX/ 15 PLUS,,0000124,B13426
NUGLASS VIDRIO TEMPLADO 2.5D,IPHONE 15 PRO MAX/ 15 PLUS,,0000124,B13426
NUGLASS VIDRIO TEMPLADO 2.5D,IPHONE 15 PRO MAX/ 15 PLUS,,0000124,B13426
NUGLASS VIDRIO TEMPLADO 2.5D,IPHONE 15 PRO MAX/ 15 PLUS,,0000124,B13426
NUGLASS VIDRIO TEMPLADO 2.5D,IPHONE 15 PRO MAX/ 15 PLUS,,0000124,B13426
NUGLASS VIDRIO TEMPLADO 2.5D,IPHONE 15 PRO MAX/ 15 PLUS,,0000124,B13426
NUGLASS VIDRIO TEMPLADO 2.5D,IPHONE 15 PRO MAX/ 15 PLUS,,0000124,B13426
NUGLASS VIDRIO TEMPLADO 2.5D,IPHONE 15 PRO MAX/ 15 PLUS,,0000124,B13426
NUGLASS VIDRIO TEMPLADO 2.5D,IPHONE 15 PRO MAX/ 15 PLUS,,0000124,B13426
NUGLASS VIDRIO TEMPLADO 2.5D,IPHONE 15 PRO MAX/ 15 PLUS,,0000124,B13426
NUGLASS VIDRIO TEMPLADO 2.5D,IPHONE 15 PRO MAX/ 15 PLUS,,0000124,B13426
NUGLASS VIDRIO TEMPLADO 2.5D,IPHONE 15 PRO MAX/ 15 PLUS,,0000124,B13426
NUGLASS VIDRIO TEMPLADO 2.5D,IPHONE 15 PRO MAX/ 15 PLUS,,0000124,B13426
NUGLASS VIDRIO TEMPLADO 2.5D,IPHONE 15 PRO MAX/ 15 PLUS,,0000124,B13426
NUGLASS VIDRIO TEMPLADO 2.5D,IPHONE 15 PRO MAX/ 15 PLUS,,0000124,B13426
NUGLASS VIDRIO TEMPLADO 2.5D,IPHONE 15 PRO MAX/ 15 PLUS,,0000124,B13426
NUGLASS VIDRIO TEMPLADO 2.5D,IPHONE 15 PRO MAX/ 15 PLUS,,0000124,B13426
NUGLASS VIDRIO TEMPLADO 2.5D,IPHONE 15 PRO MAX/ 15 PLUS,,0000124,B13426
NUGLASS VIDRIO TEMPLADO 2.5D,IPHONE 15 PRO MAX/ 15 PLUS,,0000124,B13426
NUGLASS VIDRIO TEMPLADO 2.5D,IPHONE 15 PRO MAX/ 15 PLUS,,0000124,B13426
NUGLASS VIDRIO TEMPLADO 2.5D,IPHONE 15 PRO MAX/ 15 PLUS,,0000124,B13426
NUGLASS VIDRIO TEMPLADO 2.5D,IPHONE 15 PRO MAX/ 15 PLUS,,0000124,B13426
NUGLASS VIDRIO TEMPLADO 2.5D,IPHONE 15 PRO MAX/ 15 PLUS,,0000124,B13426
NUGLASS VIDRIO TEMPLADO 2.5D,IPHONE 15 PRO MAX/ 15 PLUS,,0000124,B13426
NUGLASS VIDRIO TEMPLADO 2.5D,IPHONE 15 PRO MAX/ 15 PLUS,,0000124,B13426
NUGLASS VIDRIO TEMPLADO 2.5D,IPHONE 15 PRO MAX/ 15 PLUS,,0000124,B13426
NUGLASS VIDRIO TEMPLADO 2.5D,IPHONE 15 PRO MAX/ 15 PLUS,,0000124,B13426
NUGLASS VIDRIO TEMPLADO 2.5D,IPHONE 15 PRO MAX/ 15 PLUS,,0000124,B13426
NUGLASS VIDRIO TEMPLADO 2.5D,IPHONE 15 PRO MAX/ 15 PLUS,,0000124,B13426
NUGLASS VIDRIO TEMPLADO 2.5D,IPHONE 15 PRO MAX/ 15 PLUS,,0000124,B13426
NUGLASS VIDRIO TEMPLADO 2.5D,IPHONE 15 PRO MAX/ 15 PLUS,,0000124,B13426
NUGLASS VIDRIO TEMPLADO 2.5D,IPHONE 15 PRO MAX/ 15 PLUS,,0000124,B13426
NUGLASS VIDRIO TEMPLADO 2.5D,IPHONE 15 PRO MAX/ 15 PLUS,,0000124,B13426
NUGLASS VIDRIO TEMPLADO 2.5D,IPHONE 15 PRO MAX/ 15 PLUS,,0000124,B13426
NUGLASS VIDRIO TEMPLADO 2.5D,IPHONE 15 PRO MAX/ 15 PLUS,,0000124,B13426
NUGLASS VIDRIO TEMPLADO 2.5D,IPHONE 15 PRO MAX/ 15 PLUS,,0000124,B13426
NUGLASS VIDRIO TEMPLADO 2.5D,IPHONE 15 PRO MAX/ 15 PLUS,,0000124,B13426
NUGLASS VIDRIO TEMPLADO 2.5D,IPHONE 15 PRO MAX/ 15 PLUS,,0000124,B13426
NUGLASS VIDRIO TEMPLADO 2.5D,IPHONE 15 PRO MAX/ 15 PLUS,,0000124,B13426
NUGLASS VIDRIO TEMPLADO 2.5D,IPHONE 15 PRO MAX/ 15 PLUS,,0000124,B13426
NUGLASS VIDRIO TEMPLADO 2.5D,IPHONE 15 PRO MAX/ 15 PLUS,,0000124,B13426
NUGLAS VIDRIO TEMPLEADO 2.5D,IPHONE 14 PLUS/ 13 PRO MAX,,0000124,B12591
NUGLAS VIDRIO TEMPLEADO 2.5D,IPHONE 14 PLUS/ 13 PRO MAX,,0000124,B12591
NUGLAS VIDRIO TEMPLEADO 2.5D,IPHONE 14 PLUS/ 13 PRO MAX,,0000124,B12591
NUGLAS VIDRIO TEMPLEADO 2.5D,IPHONE 14 PLUS/ 13 PRO MAX,,0000124,B12591
NUGLAS VIDRIO TEMPLEADO 2.5D,IPHONE 14 PLUS/ 13 PRO MAX,,0000124,B12591
NUGLAS VIDRIO TEMPLEADO 2.5D,IPHONE 14 PLUS/ 13 PRO MAX,,0000124,B12591
NUGLAS VIDRIO TEMPLEADO 2.5D,IPHONE 14 PLUS/ 13 PRO MAX,,0000124,B12591
NUGLAS VIDRIO TEMPLEADO 2.5D,IPHONE 14 PLUS/ 13 PRO MAX,,0000124,B12591
NUGLAS VIDRIO TEMPLEADO 2.5D,IPHONE 14 PLUS/ 13 PRO MAX,,0000124,B12591
NUGLAS VIDRIO TEMPLEADO 2.5D,IPHONE 14 PLUS/ 13 PRO MAX,,0000124,B12591
NUGLAS VIDRIO TEMPLEADO 2.5D,IPHONE 14 PLUS/ 13 PRO MAX,,0000124,B12591
NUGLAS VIDRIO TEMPLEADO 2.5D,IPHONE 14 PLUS/ 13 PRO MAX,,0000124,B12591
NUGLAS VIDRIO TEMPLEADO 2.5D,IPHONE 14 PLUS/ 13 PRO MAX,,0000124,B12591
NUGLAS VIDRIO TEMPLEADO 2.5D,IPHONE 14 PLUS/ 13 PRO MAX,,0000124,B12591
NUGLAS VIDRIO TEMPLEADO 2.5D,IPHONE 14 PLUS/ 13 PRO MAX,,0000124,B12591
NUGLAS VIDRIO TEMPLEADO 2.5D,IPHONE 14 PLUS/ 13 PRO MAX,,0000124,B12591
NUGLAS VIDRIO TEMPLEADO 2.5D,IPHONE 14 PLUS/ 13 PRO MAX,,0000124,B12591
NUGLAS VIDRIO TEMPLEADO 2.5D,IPHONE 14 PLUS/ 13 PRO MAX,,0000124,B12591
NUGLAS VIDRIO TEMPLEADO 2.5D,IPHONE 14 PLUS/ 13 PRO MAX,,0000124,B12591
NUGLAS VIDRIO TEMPLEADO 2.5D,IPHONE 14 PLUS/ 13 PRO MAX,,0000124,B12591
NUGLAS VIDRIO TEMPLEADO 2.5D,IPHONE 14 PLUS/ 13 PRO MAX,,0000124,B12591
NUGLAS VIDRIO TEMPLEADO 2.5D,IPHONE 14 PLUS/ 13 PRO MAX,,0000124,B12591
NUGLAS VIDRIO TEMPLEADO 2.5D,IPHONE 14 PLUS/ 13 PRO MAX,,0000124,B12591
NUGLAS VIDRIO TEMPLEADO 2.5D,IPHONE 14 PLUS/ 13 PRO MAX,,0000124,B12591
NUGLAS VIDRIO TEMPLEADO 2.5D,IPHONE 14 PLUS/ 13 PRO MAX,,0000124,B12591
NUGLAS VIDRIO TEMPLEADO 2.5D,IPHONE 14 PLUS/ 13 PRO MAX,,0000124,B12591
NUGLAS VIDRIO TEMPLEADO 2.5D,IPHONE 14 PLUS/ 13 PRO MAX,,0000124,B12591
NUGLAS VIDRIO TEMPLEADO 2.5D,IPHONE 14 PLUS/ 13 PRO MAX,,0000124,B12591
NUGLAS VIDRIO TEMPLEADO 2.5D,IPHONE 14 PLUS/ 13 PRO MAX,,0000124,B12591
NUGLAS VIDRIO TEMPLEADO 2.5D,IPHONE 14 PLUS/ 13 PRO MAX,,0000124,B12591
NUGLAS VIDRIO TEMPLEADO 2.5D,IPHONE 14 PLUS/ 13 PRO MAX,,0000124,B12591
NUGLAS VIDRIO TEMPLEADO 2.5D,IPHONE 14 PLUS/ 13 PRO MAX,,0000124,B12591
NUGLAS VIDRIO TEMPLEADO 2.5D,IPHONE 14 PLUS/ 13 PRO MAX,,0000124,B12591
NUGLAS VIDRIO TEMPLEADO 2.5D,IPHONE 14 PLUS/ 13 PRO MAX,,0000124,B12591
NUGLAS VIDRIO TEMPLEADO 2.5D,IPHONE 14 PLUS/ 13 PRO MAX,,0000124,B12591
NUGLAS VIDRIO TEMPLEADO 2.5D,IPHONE 14 PLUS/ 13 PRO MAX,,0000124,B12591
NUGLAS VIDRIO TEMPLEADO 2.5D,IPHONE 14 PLUS/ 13 PRO MAX,,0000124,B12591
NUGLAS VIDRIO TEMPLEADO 2.5D,IPHONE 14 PLUS/ 13 PRO MAX,,0000124,B12591
NUGLAS VIDRIO TEMPLEADO 2.5D,IPHONE 14 PLUS/ 13 PRO MAX,,0000124,B12591
NUGLAS VIDRIO TEMPLEADO 2.5D,IPHONE 14 PLUS/ 13 PRO MAX,,0000124,B12591
NUGLAS VIDRIO TEMPLEADO 2.5D,IPHONE 14 PLUS/ 13 PRO MAX,,0000124,B12591
NUGLAS VIDRIO TEMPLEADO 2.5D,IPHONE 14 PLUS/ 13 PRO MAX,,0000124,B12591
NUGLAS VIDRIO TEMPLEADO 2.5D,IPHONE 14 PLUS/ 13 PRO MAX,,0000124,B12591
NUGLAS VIDRIO TEMPLEADO 2.5D,IPHONE 14 PLUS/ 13 PRO MAX,,0000124,B12591
NUGLAS VIDRIO TEMPLEADO 2.5D,IPHONE 14 PLUS/ 13 PRO MAX,,0000124,B12591
NUGLAS VIDRIO TEMPLEADO 2.5D,IPHONE 14 PLUS/ 13 PRO MAX,,0000124,B12591
NUGLAS VIDRIO TEMPLEADO 2.5D,IPHONE 14 PLUS/ 13 PRO MAX,,0000124,B12591
NUGLAS VIDRIO TEMPLEADO 2.5D,IPHONE 14 PLUS/ 13 PRO MAX,,0000124,B12591
NUGLAS VIDRIO TEMPLEADO 2.5D,IPHONE 14 PLUS/ 13 PRO MAX,,0000124,B12591
NUGLAS VIDRIO TEMPLEADO 2.5D,IPHONE 14 PLUS/ 13 PRO MAX,,0000124,B12591
NUGLASS VIDRIO TEMPLADO 2.5D,IPHONE 14 PRO,,0000124,B12590
NUGLASS VIDRIO TEMPLADO 2.5D,IPHONE 14 PRO,,0000124,B12590
NUGLASS VIDRIO TEMPLADO 2.5D,IPHONE 14 PRO,,0000124,B12590
NUGLASS VIDRIO TEMPLADO 2.5D,IPHONE 14 PRO,,0000124,B12590
NUGLASS VIDRIO TEMPLADO 2.5D,IPHONE 14 PRO,,0000124,B12590
NUGLASS VIDRIO TEMPLADO 2.5D,IPHONE 14 PRO,,0000124,B12590
NUGLASS VIDRIO TEMPLADO 2.5D,IPHONE 14 PRO,,0000124,B12590
NUGLASS VIDRIO TEMPLADO 2.5D,IPHONE 14 PRO,,0000124,B12590
NUGLASS VIDRIO TEMPLADO 2.5D,IPHONE 14 PRO,,0000124,B12590
NUGLASS VIDRIO TEMPLADO 2.5D,IPHONE 14 PRO,,0000124,B12590
NUGLASS VIDRIO TEMPLADO 2.5D,IPHONE 14 PRO,,0000124,B12590
NUGLASS VIDRIO TEMPLADO 2.5D,IPHONE 14 PRO,,0000124,B12590
NUGLASS VIDRIO TEMPLADO 2.5D,IPHONE 14 PRO,,0000124,B12590
NUGLASS VIDRIO TEMPLADO 2.5D,IPHONE 14 PRO,,0000124,B12590
NUGLASS VIDRIO TEMPLADO 2.5D,IPHONE 14 PRO,,0000124,B12590
NUGLASS VIDRIO TEMPLADO 2.5D,IPHONE 14 PRO,,0000124,B12590
NUGLASS VIDRIO TEMPLADO 2.5D,IPHONE 14 PRO,,0000124,B12590
NUGLASS VIDRIO TEMPLADO 2.5D,IPHONE 14 PRO,,0000124,B12590
NUGLASS VIDRIO TEMPLADO 2.5D,IPHONE 14 PRO,,0000124,B12590
NUGLASS VIDRIO TEMPLADO 2.5D,IPHONE 14 PRO,,0000124,B12590
NUGLASS VIDRIO TEMPLADO 2.5D,IPHONE 14 PRO,,0000124,B12590
NUGLASS VIDRIO TEMPLADO 2.5D,IPHONE 14 PRO,,0000124,B12590
NUGLASS VIDRIO TEMPLADO 2.5D,IPHONE 14 PRO,,0000124,B12590
NUGLASS VIDRIO TEMPLADO 2.5D,IPHONE 14 PRO,,0000124,B12590
NUGLASS VIDRIO TEMPLADO 2.5D,IPHONE 14 PRO,,0000124,B12590
NUGLASS VIDRIO TEMPLADO 2.5D,IPHONE 14 PRO,,0000124,B12590
NUGLASS VIDRIO TEMPLADO 2.5D,IPHONE 14 PRO,,0000124,B12590
NUGLASS VIDRIO TEMPLADO 2.5D,IPHONE 14 PRO,,0000124,B12590
NUGLASS VIDRIO TEMPLADO 2.5D,IPHONE 14 PRO,,0000124,B12590
NUGLASS VIDRIO TEMPLADO 2.5D,IPHONE 14 PRO,,0000124,B12590
NUGLASS VIDRIO TEMPLADO 2.5D,IPHONE 14 PRO,,0000124,B12590
NUGLASS VIDRIO TEMPLADO 2.5D,IPHONE 14 PRO,,0000124,B12590
NUGLASS VIDRIO TEMPLADO 2.5D,IPHONE 14 PRO,,0000124,B12590
NUGLASS VIDRIO TEMPLADO 2.5D,IPHONE 14 PRO,,0000124,B12590
NUGLASS VIDRIO TEMPLADO 2.5D,IPHONE 14 PRO,,0000124,B12590
NUGLASS VIDRIO TEMPLADO 2.5D,IPHONE 14 PRO,,0000124,B12590
NUGLASS VIDRIO TEMPLADO 2.5D,IPHONE 14 PRO,,0000124,B12590
NUGLASS VIDRIO TEMPLADO 2.5D,IPHONE 14 PRO,,0000124,B12590
NUGLASS VIDRIO TEMPLADO 2.5D,IPHONE 14 PRO,,0000124,B12590
NUGLASS VIDRIO TEMPLADO 2.5D,IPHONE 14 PRO,,0000124,B12590
NUGLASS VIDRIO TEMPLADO 2.5D,IPHONE 14 PRO,,0000124,B12590
NUGLASS VIDRIO TEMPLADO 2.5D,IPHONE 14 PRO,,0000124,B12590
NUGLASS VIDRIO TEMPLADO 2.5D,IPHONE 14 PRO,,0000124,B12590
NUGLASS VIDRIO TEMPLADO 2.5D,IPHONE 14 PRO,,0000124,B12590
NUGLASS VIDRIO TEMPLADO 2.5D,IPHONE 14 PRO,,0000124,B12590
NUGLASS VIDRIO TEMPLADO 2.5D,IPHONE 14 PRO,,0000124,B12590
NUGLASS VIDRIO TEMPLADO 2.5D,IPHONE 14 PRO,,0000124,B12590
NUGLASS VIDRIO TEMPLADO 2.5D,IPHONE 14 PRO,,0000124,B12590
NUGLASS VIDRIO TEMPLADO 2.5D,IPHONE 14 PRO,,0000124,B12590
NUGLASS VIDRIO TEMPLADO 2.5D,IPHONE 14 PRO,,0000124,B12590
VIDRIO TEMPLADO NUGLASS 5D,MAGIC 5 LITE,NEGRO,0000124,B13775
VIDRIO TEMPLADO NUGLASS 5D,MAGIC 5 LITE,NEGRO,0000124,B13775
VIDRIO TEMPLADO NUGLASS 5D,MAGIC 5 LITE,NEGRO,0000124,B13775
VIDRIO TEMPLADO NUGLASS 5D,MAGIC 5 LITE,NEGRO,0000124,B13775
VIDRIO TEMPLADO NUGLASS 5D,MAGIC 5 LITE,NEGRO,0000124,B13775
VIDRIO TEMPLADO NUGLASS 5D,MAGIC 5 LITE,NEGRO,0000124,B13775
VIDRIO TEMPLADO NUGLASS 5D,MAGIC 5 LITE,NEGRO,0000124,B13775
VIDRIO TEMPLADO NUGLASS 5D,MAGIC 5 LITE,NEGRO,0000124,B13775
VIDRIO TEMPLADO NUGLASS 5D,MAGIC 5 LITE,NEGRO,0000124,B13775
VIDRIO TEMPLADO NUGLASS 5D,MAGIC 5 LITE,NEGRO,0000124,B13775
VIDRIO TEMPLADO NUGLASS 5D,MAGIC 5 LITE,NEGRO,0000124,B13775
VIDRIO TEMPLADO NUGLASS 5D,MAGIC 5 LITE,NEGRO,0000124,B13775
VIDRIO TEMPLADO NUGLASS 5D,MAGIC 5 LITE,NEGRO,0000124,B13775
VIDRIO TEMPLADO NUGLASS 5D,MAGIC 5 LITE,NEGRO,0000124,B13775
VIDRIO TEMPLADO NUGLASS 5D,MAGIC 5 LITE,NEGRO,0000124,B13775
VIDRIO TEMPLADO NUGLASS 5D,MAGIC 5 LITE,NEGRO,0000124,B13775
VIDRIO TEMPLADO NUGLASS 5D,MAGIC 5 LITE,NEGRO,0000124,B13775
VIDRIO TEMPLADO NUGLASS 5D,MAGIC 5 LITE,NEGRO,0000124,B13775
VIDRIO TEMPLADO NUGLASS 5D,MAGIC 5 LITE,NEGRO,0000124,B13775
VIDRIO TEMPLADO NUGLASS 5D,MAGIC 5 LITE,NEGRO,0000124,B13775
VIDRIO TEMPLADO NUGLASS 5D,MAGIC 5 LITE,NEGRO,0000124,B13775
VIDRIO TEMPLADO NUGLASS 5D,MAGIC 5 LITE,NEGRO,0000124,B13775
VIDRIO TEMPLADO NUGLASS 5D,MAGIC 5 LITE,NEGRO,0000124,B13775
VIDRIO TEMPLADO NUGLASS 5D,MAGIC 5 LITE,NEGRO,0000124,B13775
VIDRIO TEMPLADO NUGLASS 5D,MAGIC 5 LITE,NEGRO,0000124,B13775
VIDRIO TEMPLADO NUGLASS 5D,MAGIC 5 LITE,NEGRO,0000124,B13775
VIDRIO TEMPLADO NUGLASS 5D,MAGIC 5 LITE,NEGRO,0000124,B13775
VIDRIO TEMPLADO NUGLASS 5D,MAGIC 5 LITE,NEGRO,0000124,B13775
VIDRIO TEMPLADO NUGLASS 5D,MAGIC 5 LITE,NEGRO,0000124,B13775
VIDRIO TEMPLADO NUGLASS 5D,MAGIC 5 LITE,NEGRO,0000124,B13775
VIDRIO TEMPLADO NUGLASS 5D,MAGIC 5 LITE,NEGRO,0000124,B13775
VIDRIO TEMPLADO NUGLASS 5D,MAGIC 5 LITE,NEGRO,0000124,B13775
VIDRIO TEMPLADO NUGLASS 5D,MAGIC 5 LITE,NEGRO,0000124,B13775
VIDRIO TEMPLADO NUGLASS 5D,MAGIC 5 LITE,NEGRO,0000124,B13775
VIDRIO TEMPLADO NUGLASS 5D,MAGIC 5 LITE,NEGRO,0000124,B13775
VIDRIO TEMPLADO NUGLASS 5D,MAGIC 5 LITE,NEGRO,0000124,B13775
VIDRIO TEMPLADO NUGLASS 5D,MAGIC 5 LITE,NEGRO,0000124,B13775
VIDRIO TEMPLADO NUGLASS 5D,MAGIC 5 LITE,NEGRO,0000124,B13775
VIDRIO TEMPLADO NUGLASS 5D,MAGIC 5 LITE,NEGRO,0000124,B13775
VIDRIO TEMPLADO NUGLASS 5D,MAGIC 5 LITE,NEGRO,0000124,B13775
VIDRIO TEMPLADO NUGLASS 5D,MAGIC 5 LITE,NEGRO,0000124,B13775
VIDRIO TEMPLADO NUGLASS 5D,MAGIC 5 LITE,NEGRO,0000124,B13775
VIDRIO TEMPLADO NUGLASS 5D,MAGIC 5 LITE,NEGRO,0000124,B13775
VIDRIO TEMPLADO NUGLASS 5D,MAGIC 5 LITE,NEGRO,0000124,B13775
VIDRIO TEMPLADO NUGLASS 5D,MAGIC 5 LITE,NEGRO,0000124,B13775
VIDRIO TEMPLADO NUGLASS 5D,MAGIC 5 LITE,NEGRO,0000124,B13775
VIDRIO TEMPLADO NUGLASS 5D,MAGIC 5 LITE,NEGRO,0000124,B13775
VIDRIO TEMPLADO NUGLASS 5D,MAGIC 5 LITE,NEGRO,0000124,B13775
VIDRIO TEMPLADO NUGLASS 5D,MAGIC 5 LITE,NEGRO,0000124,B13775
VIDRIO TEMPLADO NUGLASS 5D,MAGIC 5 LITE,NEGRO,0000124,B13775
VIDRIO TEMPLADO NUGLASS 5D,HONOR 90,NEGRO,0000124,B13802
VIDRIO TEMPLADO NUGLASS 5D,HONOR 90,NEGRO,0000124,B13802
VIDRIO TEMPLADO NUGLASS 5D,HONOR 90,NEGRO,0000124,B13802
VIDRIO TEMPLADO NUGLASS 5D,HONOR 90,NEGRO,0000124,B13802
VIDRIO TEMPLADO NUGLASS 5D,HONOR 90,NEGRO,0000124,B13802
VIDRIO TEMPLADO NUGLASS 5D,HONOR 90,NEGRO,0000124,B13802
VIDRIO TEMPLADO NUGLASS 5D,HONOR 90,NEGRO,0000124,B13802
VIDRIO TEMPLADO NUGLASS 5D,HONOR 90,NEGRO,0000124,B13802
VIDRIO TEMPLADO NUGLASS 5D,HONOR 90,NEGRO,0000124,B13802
VIDRIO TEMPLADO NUGLASS 5D,HONOR 90,NEGRO,0000124,B13802
VIDRIO TEMPLADO NUGLASS 5D,HONOR 90,NEGRO,0000124,B13802
VIDRIO TEMPLADO NUGLASS 5D,HONOR 90,NEGRO,0000124,B13802
VIDRIO TEMPLADO NUGLASS 5D,HONOR 90,NEGRO,0000124,B13802
VIDRIO TEMPLADO NUGLASS 5D,HONOR 90,NEGRO,0000124,B13802
VIDRIO TEMPLADO NUGLASS 5D,HONOR 90,NEGRO,0000124,B13802
VIDRIO TEMPLADO NUGLASS 5D,HONOR 90,NEGRO,0000124,B13802
VIDRIO TEMPLADO NUGLASS 5D,HONOR 90,NEGRO,0000124,B13802
VIDRIO TEMPLADO NUGLASS 5D,HONOR 90,NEGRO,0000124,B13802
VIDRIO TEMPLADO NUGLASS 5D,HONOR 90,NEGRO,0000124,B13802
VIDRIO TEMPLADO NUGLASS 5D,HONOR 90,NEGRO,0000124,B13802
VIDRIO TEMPLADO NUGLASS 5D,HONOR 90,NEGRO,0000124,B13802
VIDRIO TEMPLADO NUGLASS 5D,HONOR 90,NEGRO,0000124,B13802
VIDRIO TEMPLADO NUGLASS 5D,HONOR 90,NEGRO,0000124,B13802
VIDRIO TEMPLADO NUGLASS 5D,HONOR 90,NEGRO,0000124,B13802
VIDRIO TEMPLADO NUGLASS 5D,HONOR 90,NEGRO,0000124,B13802
VIDRIO TEMPLADO NUGLASS 5D,HONOR 90,NEGRO,0000124,B13802
VIDRIO TEMPLADO NUGLASS 5D,HONOR 90,NEGRO,0000124,B13802
VIDRIO TEMPLADO NUGLASS 5D,HONOR 90,NEGRO,0000124,B13802
VIDRIO TEMPLADO NUGLASS 5D,HONOR 90,NEGRO,0000124,B13802
VIDRIO TEMPLADO NUGLASS 5D,HONOR 90,NEGRO,0000124,B13802
NUGLASS VIDRIO TEMPLADO PRIVACIDAD,IPHONE 15 PRO MAX,,0000124,B13803
NUGLASS VIDRIO TEMPLADO PRIVACIDAD,IPHONE 15 PRO MAX,,0000124,B13803
NUGLASS VIDRIO TEMPLADO PRIVACIDAD,IPHONE 15 PRO MAX,,0000124,B13803
NUGLASS VIDRIO TEMPLADO PRIVACIDAD,IPHONE 15 PRO MAX,,0000124,B13803
NUGLASS VIDRIO TEMPLADO PRIVACIDAD,IPHONE 15 PRO MAX,,0000124,B13803
NUGLASS VIDRIO TEMPLADO PRIVACIDAD,IPHONE 15 PRO MAX,,0000124,B13803
NUGLASS VIDRIO TEMPLADO PRIVACIDAD,IPHONE 15 PRO MAX,,0000124,B13803
NUGLASS VIDRIO TEMPLADO PRIVACIDAD,IPHONE 15 PRO MAX,,0000124,B13803
NUGLASS VIDRIO TEMPLADO PRIVACIDAD,IPHONE 15 PRO MAX,,0000124,B13803
NUGLASS VIDRIO TEMPLADO PRIVACIDAD,IPHONE 15 PRO MAX,,0000124,B13803
NUGLASS VIDRIO TEMPLADO PRIVACIDAD,IPHONE 15 PRO MAX,,0000124,B13803
NUGLASS VIDRIO TEMPLADO PRIVACIDAD,IPHONE 15 PRO MAX,,0000124,B13803
NUGLASS VIDRIO TEMPLADO PRIVACIDAD,IPHONE 15 PRO MAX,,0000124,B13803
NUGLASS VIDRIO TEMPLADO PRIVACIDAD,IPHONE 15 PRO MAX,,0000124,B13803
NUGLASS VIDRIO TEMPLADO PRIVACIDAD,IPHONE 15 PRO MAX,,0000124,B13803
NUGLASS VIDRIO TEMPLADO PRIVACIDAD,IPHONE 15 PRO MAX,,0000124,B13803
NUGLASS VIDRIO TEMPLADO PRIVACIDAD,IPHONE 15 PRO MAX,,0000124,B13803
NUGLASS VIDRIO TEMPLADO PRIVACIDAD,IPHONE 15 PRO MAX,,0000124,B13803
NUGLASS VIDRIO TEMPLADO PRIVACIDAD,IPHONE 15 PRO MAX,,0000124,B13803
NUGLASS VIDRIO TEMPLADO PRIVACIDAD,IPHONE 15 PRO MAX,,0000124,B13803
NUGLASS VIDRIO TEMPLADO PRIVACIDAD,IPHONE 15 PRO MAX,,0000124,B13803
NUGLASS VIDRIO TEMPLADO PRIVACIDAD,IPHONE 15 PRO MAX,,0000124,B13803
NUGLASS VIDRIO TEMPLADO PRIVACIDAD,IPHONE 15 PRO MAX,,0000124,B13803
NUGLASS VIDRIO TEMPLADO PRIVACIDAD,IPHONE 15 PRO MAX,,0000124,B13803
NUGLASS VIDRIO TEMPLADO PRIVACIDAD,IPHONE 15 PRO MAX,,0000124,B13803
NUGLASS VIDRIO TEMPLADO PRIVACIDAD,IPHONE 15 PRO MAX,,0000124,B13803
NUGLASS VIDRIO TEMPLADO PRIVACIDAD,IPHONE 15 PRO MAX,,0000124,B13803
NUGLASS VIDRIO TEMPLADO PRIVACIDAD,IPHONE 15 PRO MAX,,0000124,B13803
NUGLASS VIDRIO TEMPLADO PRIVACIDAD,IPHONE 15 PRO MAX,,0000124,B13803
NUGLASS VIDRIO TEMPLADO PRIVACIDAD,IPHONE 15 PRO MAX,,0000124,B13803
NUGLASS VIDRIO TEMPLADO PRIVACIDAD,IPHONE 15 PRO MAX,,0000124,B13803
NUGLASS VIDRIO TEMPLADO PRIVACIDAD,IPHONE 15 PRO MAX,,0000124,B13803
NUGLASS VIDRIO TEMPLADO PRIVACIDAD,IPHONE 15 PRO MAX,,0000124,B13803
NUGLASS VIDRIO TEMPLADO PRIVACIDAD,IPHONE 15 PRO MAX,,0000124,B13803
NUGLASS VIDRIO TEMPLADO PRIVACIDAD,IPHONE 15 PRO MAX,,0000124,B13803
NUGLASS VIDRIO TEMPLADO PRIVACIDAD,IPHONE 15 PRO MAX,,0000124,B13803
NUGLASS VIDRIO TEMPLADO PRIVACIDAD,IPHONE 15 PRO MAX,,0000124,B13803
NUGLASS VIDRIO TEMPLADO PRIVACIDAD,IPHONE 15 PRO MAX,,0000124,B13803
NUGLASS VIDRIO TEMPLADO PRIVACIDAD,IPHONE 15 PRO MAX,,0000124,B13803
NUGLASS VIDRIO TEMPLADO PRIVACIDAD,IPHONE 15 PRO MAX,,0000124,B13803
NUGLASS VIDRIO TEMPLADO PRIVACIDAD,IPHONE 15 PRO MAX,,0000124,B13803
NUGLASS VIDRIO TEMPLADO PRIVACIDAD,IPHONE 15 PRO MAX,,0000124,B13803
NUGLASS VIDRIO TEMPLADO PRIVACIDAD,IPHONE 15 PRO MAX,,0000124,B13803
NUGLASS VIDRIO TEMPLADO PRIVACIDAD,IPHONE 15 PRO MAX,,0000124,B13803
NUGLASS VIDRIO TEMPLADO PRIVACIDAD,IPHONE 15 PRO MAX,,0000124,B13803
NUGLASS VIDRIO TEMPLADO PRIVACIDAD,IPHONE 15 PRO MAX,,0000124,B13803
NUGLASS VIDRIO TEMPLADO PRIVACIDAD,IPHONE 15 PRO MAX,,0000124,B13803
NUGLASS VIDRIO TEMPLADO PRIVACIDAD,IPHONE 15 PRO MAX,,0000124,B13803
NUGLASS VIDRIO TEMPLADO PRIVACIDAD,IPHONE 15 PRO MAX,,0000124,B13803
NUGLASS VIDRIO TEMPLADO PRIVACIDAD,IPHONE 15 PRO MAX,,0000124,B13803
NUGLASS VIDRIO TEMPLADO PRIVACIDAD,IPHONE 15 PRO MAX,,0000124,B13803
NUGLASS VIDRIO TEMPLADO PRIVACIDAD,IPHONE 15 PRO MAX,,0000124,B13803
NUGLASS VIDRIO TEMPLADO PRIVACIDAD,IPHONE 15 PRO MAX,,0000124,B13803
NUGLASS VIDRIO TEMPLADO PRIVACIDAD,IPHONE 15 PRO MAX,,0000124,B13803
NUGLASS VIDRIO TEMPLADO PRIVACIDAD,IPHONE 15 PRO MAX,,0000124,B13803
NUGLASS VIDRIO TEMPLADO PRIVACIDAD,IPHONE 15 PRO MAX,,0000124,B13803
NUGLASS VIDRIO TEMPLADO PRIVACIDAD,IPHONE 15 PRO MAX,,0000124,B13803
NUGLASS VIDRIO TEMPLADO PRIVACIDAD,IPHONE 15 PRO MAX,,0000124,B13803
NUGLASS VIDRIO TEMPLADO PRIVACIDAD,IPHONE 15 PRO MAX,,0000124,B13803
NUGLASS VIDRIO TEMPLADO PRIVACIDAD,IPHONE 15 PRO MAX,,0000124,B13803
VIDRIO TEMPLADO NUGLASS 2.5,HONOR 90 LITE,NEGRO,0000124,B13804
VIDRIO TEMPLADO NUGLASS 2.5,HONOR 90 LITE,NEGRO,0000124,B13804
VIDRIO TEMPLADO NUGLASS 2.5,HONOR 90 LITE,NEGRO,0000124,B13804
VIDRIO TEMPLADO NUGLASS 2.5,HONOR 90 LITE,NEGRO,0000124,B13804
VIDRIO TEMPLADO NUGLASS 2.5,HONOR 90 LITE,NEGRO,0000124,B13804
VIDRIO TEMPLADO NUGLASS 2.5,HONOR 90 LITE,NEGRO,0000124,B13804
VIDRIO TEMPLADO NUGLASS 2.5,HONOR 90 LITE,NEGRO,0000124,B13804
VIDRIO TEMPLADO NUGLASS 2.5,HONOR 90 LITE,NEGRO,0000124,B13804
VIDRIO TEMPLADO NUGLASS 2.5,HONOR 90 LITE,NEGRO,0000124,B13804
VIDRIO TEMPLADO NUGLASS 2.5,HONOR 90 LITE,NEGRO,0000124,B13804
VIDRIO TEMPLADO NUGLASS 2.5,HONOR 90 LITE,NEGRO,0000124,B13804
VIDRIO TEMPLADO NUGLASS 2.5,HONOR 90 LITE,NEGRO,0000124,B13804
VIDRIO TEMPLADO NUGLASS 2.5,HONOR 90 LITE,NEGRO,0000124,B13804
VIDRIO TEMPLADO NUGLASS 2.5,HONOR 90 LITE,NEGRO,0000124,B13804
VIDRIO TEMPLADO NUGLASS 2.5,HONOR 90 LITE,NEGRO,0000124,B13804
VIDRIO TEMPLADO NUGLASS 2.5,HONOR 90 LITE,NEGRO,0000124,B13804
VIDRIO TEMPLADO NUGLASS 2.5,HONOR 90 LITE,NEGRO,0000124,B13804
VIDRIO TEMPLADO NUGLASS 2.5,HONOR 90 LITE,NEGRO,0000124,B13804
VIDRIO TEMPLADO NUGLASS 2.5,HONOR 90 LITE,NEGRO,0000124,B13804
VIDRIO TEMPLADO NUGLASS 2.5,HONOR 90 LITE,NEGRO,0000124,B13804
VIDRIO TEMPLADO NUGLASS 2.5,HONOR 90 LITE,NEGRO,0000124,B13804
VIDRIO TEMPLADO NUGLASS 2.5,HONOR 90 LITE,NEGRO,0000124,B13804
VIDRIO TEMPLADO NUGLASS 2.5,HONOR 90 LITE,NEGRO,0000124,B13804
VIDRIO TEMPLADO NUGLASS 2.5,HONOR 90 LITE,NEGRO,0000124,B13804
VIDRIO TEMPLADO NUGLASS 2.5,HONOR 90 LITE,NEGRO,0000124,B13804
VIDRIO TEMPLADO NUGLASS 2.5,HONOR 90 LITE,NEGRO,0000124,B13804
VIDRIO TEMPLADO NUGLASS 2.5,HONOR 90 LITE,NEGRO,0000124,B13804
VIDRIO TEMPLADO NUGLASS 2.5,HONOR 90 LITE,NEGRO,0000124,B13804
VIDRIO TEMPLADO NUGLASS 2.5,HONOR 90 LITE,NEGRO,0000124,B13804
VIDRIO TEMPLADO NUGLASS 2.5,HONOR 90 LITE,NEGRO,0000124,B13804
VIDRIO TEMPLADO NUGLASS 2.5,HONOR 90 LITE,NEGRO,0000124,B13804
VIDRIO TEMPLADO NUGLASS 2.5,HONOR 90 LITE,NEGRO,0000124,B13804
VIDRIO TEMPLADO NUGLASS 2.5,HONOR 90 LITE,NEGRO,0000124,B13804
VIDRIO TEMPLADO NUGLASS 2.5,HONOR 90 LITE,NEGRO,0000124,B13804
VIDRIO TEMPLADO NUGLASS 2.5,HONOR 90 LITE,NEGRO,0000124,B13804
VIDRIO TEMPLADO NUGLASS 2.5,HONOR 90 LITE,NEGRO,0000124,B13804
VIDRIO TEMPLADO NUGLASS 2.5,HONOR 90 LITE,NEGRO,0000124,B13804
VIDRIO TEMPLADO NUGLASS 2.5,HONOR 90 LITE,NEGRO,0000124,B13804
VIDRIO TEMPLADO NUGLASS 2.5,HONOR 90 LITE,NEGRO,0000124,B13804
VIDRIO TEMPLADO NUGLASS 2.5,HONOR 90 LITE,NEGRO,0000124,B13804
VIDRIO TEMPLADO NUGLASS 2.5,HONOR 90 LITE,NEGRO,0000124,B13804
VIDRIO TEMPLADO NUGLASS 2.5,HONOR 90 LITE,NEGRO,0000124,B13804
VIDRIO TEMPLADO NUGLASS 2.5,HONOR 90 LITE,NEGRO,0000124,B13804
VIDRIO TEMPLADO NUGLASS 2.5,HONOR 90 LITE,NEGRO,0000124,B13804
VIDRIO TEMPLADO NUGLASS 2.5,HONOR 90 LITE,NEGRO,0000124,B13804
VIDRIO TEMPLADO NUGLASS 2.5,HONOR 90 LITE,NEGRO,0000124,B13804
VIDRIO TEMPLADO NUGLASS 2.5,HONOR 90 LITE,NEGRO,0000124,B13804
VIDRIO TEMPLADO NUGLASS 2.5,HONOR 90 LITE,NEGRO,0000124,B13804
VIDRIO TEMPLADO NUGLASS 2.5,HONOR 90 LITE,NEGRO,0000124,B13804
VIDRIO TEMPLADO NUGLASS 2.5,HONOR 90 LITE,NEGRO,0000124,B13804
VIDRIO TEMPLADO NUGLASS  2.5D,SAMSUNG S24,,0000124,B13805
VIDRIO TEMPLADO NUGLASS  2.5D,SAMSUNG S24,,0000124,B13805
VIDRIO TEMPLADO NUGLASS  2.5D,SAMSUNG S24,,0000124,B13805
VIDRIO TEMPLADO NUGLASS  2.5D,SAMSUNG S24,,0000124,B13805
VIDRIO TEMPLADO NUGLASS  2.5D,SAMSUNG S24,,0000124,B13805
VIDRIO TEMPLADO NUGLASS  2.5D,SAMSUNG S24,,0000124,B13805
VIDRIO TEMPLADO NUGLASS  2.5D,SAMSUNG S24,,0000124,B13805
VIDRIO TEMPLADO NUGLASS  2.5D,SAMSUNG S24,,0000124,B13805
VIDRIO TEMPLADO NUGLASS  2.5D,SAMSUNG S24,,0000124,B13805
VIDRIO TEMPLADO NUGLASS  2.5D,SAMSUNG S24,,0000124,B13805
VIDRIO TEMPLADO NUGLASS  2.5D,SAMSUNG S24,,0000124,B13805
VIDRIO TEMPLADO NUGLASS  2.5D,SAMSUNG S24,,0000124,B13805
VIDRIO TEMPLADO NUGLASS  2.5D,SAMSUNG S24,,0000124,B13805
VIDRIO TEMPLADO NUGLASS  2.5D,SAMSUNG S24,,0000124,B13805
VIDRIO TEMPLADO NUGLASS  2.5D,SAMSUNG S24,,0000124,B13805
VIDRIO TEMPLADO NUGLASS  2.5D,SAMSUNG S24,,0000124,B13805
VIDRIO TEMPLADO NUGLASS  2.5D,SAMSUNG S24,,0000124,B13805
VIDRIO TEMPLADO NUGLASS  2.5D,SAMSUNG S24,,0000124,B13805
VIDRIO TEMPLADO NUGLASS  2.5D,SAMSUNG S24,,0000124,B13805
VIDRIO TEMPLADO NUGLASS  2.5D,SAMSUNG S24,,0000124,B13805
VIDRIO TEMPLADO NUGLASS  2.5D,SAMSUNG S24,,0000124,B13805
VIDRIO TEMPLADO NUGLASS  2.5D,SAMSUNG S24,,0000124,B13805
VIDRIO TEMPLADO NUGLASS  2.5D,SAMSUNG S24,,0000124,B13805
VIDRIO TEMPLADO NUGLASS  2.5D,SAMSUNG S24,,0000124,B13805
VIDRIO TEMPLADO NUGLASS  2.5D,SAMSUNG S24,,0000124,B13805
VIDRIO TEMPLADO NUGLASS  2.5D,SAMSUNG S24,,0000124,B13805
VIDRIO TEMPLADO NUGLASS  2.5D,SAMSUNG S24,,0000124,B13805
VIDRIO TEMPLADO NUGLASS  2.5D,SAMSUNG S24,,0000124,B13805
VIDRIO TEMPLADO NUGLASS  2.5D,SAMSUNG S24,,0000124,B13805
VIDRIO TEMPLADO NUGLASS  2.5D,SAMSUNG S24,,0000124,B13805
VIDRIO TEMPLADO NUGLASS  2.5D,SAMSUNG S24,,0000124,B13805
VIDRIO TEMPLADO NUGLASS  2.5D,SAMSUNG S24,,0000124,B13805
VIDRIO TEMPLADO NUGLASS  2.5D,SAMSUNG S24,,0000124,B13805
VIDRIO TEMPLADO NUGLASS  2.5D,SAMSUNG S24,,0000124,B13805
VIDRIO TEMPLADO NUGLASS  2.5D,SAMSUNG S24,,0000124,B13805
VIDRIO TEMPLADO NUGLASS  2.5D,SAMSUNG S24,,0000124,B13805
VIDRIO TEMPLADO NUGLASS  2.5D,SAMSUNG S24,,0000124,B13805
VIDRIO TEMPLADO NUGLASS  2.5D,SAMSUNG S24,,0000124,B13805
VIDRIO TEMPLADO NUGLASS  2.5D,SAMSUNG S24,,0000124,B13805
VIDRIO TEMPLADO NUGLASS  2.5D,SAMSUNG S24,,0000124,B13805
VIDRIO TEMPLADO NUGLASS  2.5D,SAMSUNG S24,,0000124,B13805
VIDRIO TEMPLADO NUGLASS  2.5D,SAMSUNG S24,,0000124,B13805
VIDRIO TEMPLADO NUGLASS  2.5D,SAMSUNG S24,,0000124,B13805
VIDRIO TEMPLADO NUGLASS  2.5D,SAMSUNG S24,,0000124,B13805
VIDRIO TEMPLADO NUGLASS  2.5D,SAMSUNG S24,,0000124,B13805
VIDRIO TEMPLADO NUGLASS  2.5D,SAMSUNG S24,,0000124,B13805
VIDRIO TEMPLADO NUGLASS  2.5D,SAMSUNG S24,,0000124,B13805
VIDRIO TEMPLADO NUGLASS  2.5D,SAMSUNG S24,,0000124,B13805
VIDRIO TEMPLADO NUGLASS  2.5D,SAMSUNG S24,,0000124,B13805
VIDRIO TEMPLADO NUGLASS  2.5D,SAMSUNG S24,,0000124,B13805
VIDRIO TEMPLADO NUGLASS  2.5D,SAMSUNG S24 PLUS,,0000124,B13806
VIDRIO TEMPLADO NUGLASS  2.5D,SAMSUNG S24 PLUS,,0000124,B13806
VIDRIO TEMPLADO NUGLASS  2.5D,SAMSUNG S24 PLUS,,0000124,B13806
VIDRIO TEMPLADO NUGLASS  2.5D,SAMSUNG S24 PLUS,,0000124,B13806
VIDRIO TEMPLADO NUGLASS  2.5D,SAMSUNG S24 PLUS,,0000124,B13806
VIDRIO TEMPLADO NUGLASS  2.5D,SAMSUNG S24 PLUS,,0000124,B13806
VIDRIO TEMPLADO NUGLASS  2.5D,SAMSUNG S24 PLUS,,0000124,B13806
VIDRIO TEMPLADO NUGLASS  2.5D,SAMSUNG S24 PLUS,,0000124,B13806
VIDRIO TEMPLADO NUGLASS  2.5D,SAMSUNG S24 PLUS,,0000124,B13806
VIDRIO TEMPLADO NUGLASS  2.5D,SAMSUNG S24 PLUS,,0000124,B13806
VIDRIO TEMPLADO NUGLASS  2.5D,SAMSUNG S24 PLUS,,0000124,B13806
VIDRIO TEMPLADO NUGLASS  2.5D,SAMSUNG S24 PLUS,,0000124,B13806
VIDRIO TEMPLADO NUGLASS  2.5D,SAMSUNG S24 PLUS,,0000124,B13806
VIDRIO TEMPLADO NUGLASS  2.5D,SAMSUNG S24 PLUS,,0000124,B13806
VIDRIO TEMPLADO NUGLASS  2.5D,SAMSUNG S24 PLUS,,0000124,B13806
VIDRIO TEMPLADO NUGLASS  2.5D,SAMSUNG S24 PLUS,,0000124,B13806
VIDRIO TEMPLADO NUGLASS  2.5D,SAMSUNG S24 PLUS,,0000124,B13806
VIDRIO TEMPLADO NUGLASS  2.5D,SAMSUNG S24 PLUS,,0000124,B13806
VIDRIO TEMPLADO NUGLASS  2.5D,SAMSUNG S24 PLUS,,0000124,B13806
VIDRIO TEMPLADO NUGLASS  2.5D,SAMSUNG S24 PLUS,,0000124,B13806
VIDRIO TEMPLADO NUGLASS  2.5D,SAMSUNG S24 PLUS,,0000124,B13806
VIDRIO TEMPLADO NUGLASS  2.5D,SAMSUNG S24 PLUS,,0000124,B13806
VIDRIO TEMPLADO NUGLASS  2.5D,SAMSUNG S24 PLUS,,0000124,B13806
VIDRIO TEMPLADO NUGLASS  2.5D,SAMSUNG S24 PLUS,,0000124,B13806
VIDRIO TEMPLADO NUGLASS  2.5D,SAMSUNG S24 PLUS,,0000124,B13806
VIDRIO TEMPLADO NUGLASS  2.5D,SAMSUNG S24 PLUS,,0000124,B13806
VIDRIO TEMPLADO NUGLASS  2.5D,SAMSUNG S24 PLUS,,0000124,B13806
VIDRIO TEMPLADO NUGLASS  2.5D,SAMSUNG S24 PLUS,,0000124,B13806
VIDRIO TEMPLADO NUGLASS  2.5D,SAMSUNG S24 PLUS,,0000124,B13806
VIDRIO TEMPLADO NUGLASS  2.5D,SAMSUNG S24 PLUS,,0000124,B13806
VIDRIO TEMPLADO NUGLASS  2.5D,SAMSUNG S24 PLUS,,0000124,B13806
VIDRIO TEMPLADO NUGLASS  2.5D,SAMSUNG S24 PLUS,,0000124,B13806
VIDRIO TEMPLADO NUGLASS  2.5D,SAMSUNG S24 PLUS,,0000124,B13806
VIDRIO TEMPLADO NUGLASS  2.5D,SAMSUNG S24 PLUS,,0000124,B13806
VIDRIO TEMPLADO NUGLASS  2.5D,SAMSUNG S24 PLUS,,0000124,B13806
VIDRIO TEMPLADO NUGLASS  2.5D,SAMSUNG S24 PLUS,,0000124,B13806
VIDRIO TEMPLADO NUGLASS  2.5D,SAMSUNG S24 PLUS,,0000124,B13806
VIDRIO TEMPLADO NUGLASS  2.5D,SAMSUNG S24 PLUS,,0000124,B13806
VIDRIO TEMPLADO NUGLASS  2.5D,SAMSUNG S24 PLUS,,0000124,B13806
VIDRIO TEMPLADO NUGLASS  2.5D,SAMSUNG S24 PLUS,,0000124,B13806
VIDRIO TEMPLADO NUGLASS  2.5D,SAMSUNG S24 PLUS,,0000124,B13806
VIDRIO TEMPLADO NUGLASS  2.5D,SAMSUNG S24 PLUS,,0000124,B13806
VIDRIO TEMPLADO NUGLASS  2.5D,SAMSUNG S24 PLUS,,0000124,B13806
VIDRIO TEMPLADO NUGLASS  2.5D,SAMSUNG S24 PLUS,,0000124,B13806
VIDRIO TEMPLADO NUGLASS  2.5D,SAMSUNG S24 PLUS,,0000124,B13806
VIDRIO TEMPLADO NUGLASS  2.5D,SAMSUNG S24 PLUS,,0000124,B13806
VIDRIO TEMPLADO NUGLASS  2.5D,SAMSUNG S24 PLUS,,0000124,B13806
VIDRIO TEMPLADO NUGLASS  2.5D,SAMSUNG S24 PLUS,,0000124,B13806
VIDRIO TEMPLADO NUGLASS  2.5D,SAMSUNG S24 PLUS,,0000124,B13806
VIDRIO TEMPLADO NUGLASS  2.5D,SAMSUNG S24 PLUS,,0000124,B13806
VIDRIO TEMPLADO NUGLASS  2.5D,SAMSUNG S24 ULTRA,,0000124,B13807
VIDRIO TEMPLADO NUGLASS  2.5D,SAMSUNG S24 ULTRA,,0000124,B13807
VIDRIO TEMPLADO NUGLASS  2.5D,SAMSUNG S24 ULTRA,,0000124,B13807
VIDRIO TEMPLADO NUGLASS  2.5D,SAMSUNG S24 ULTRA,,0000124,B13807
VIDRIO TEMPLADO NUGLASS  2.5D,SAMSUNG S24 ULTRA,,0000124,B13807
VIDRIO TEMPLADO NUGLASS  2.5D,SAMSUNG S24 ULTRA,,0000124,B13807
VIDRIO TEMPLADO NUGLASS  2.5D,SAMSUNG S24 ULTRA,,0000124,B13807
VIDRIO TEMPLADO NUGLASS  2.5D,SAMSUNG S24 ULTRA,,0000124,B13807
VIDRIO TEMPLADO NUGLASS  2.5D,SAMSUNG S24 ULTRA,,0000124,B13807
VIDRIO TEMPLADO NUGLASS  2.5D,SAMSUNG S24 ULTRA,,0000124,B13807
VIDRIO TEMPLADO NUGLASS  2.5D,SAMSUNG S24 ULTRA,,0000124,B13807
VIDRIO TEMPLADO NUGLASS  2.5D,SAMSUNG S24 ULTRA,,0000124,B13807
VIDRIO TEMPLADO NUGLASS  2.5D,SAMSUNG S24 ULTRA,,0000124,B13807
VIDRIO TEMPLADO NUGLASS  2.5D,SAMSUNG S24 ULTRA,,0000124,B13807
VIDRIO TEMPLADO NUGLASS  2.5D,SAMSUNG S24 ULTRA,,0000124,B13807
VIDRIO TEMPLADO NUGLASS  2.5D,SAMSUNG S24 ULTRA,,0000124,B13807
VIDRIO TEMPLADO NUGLASS  2.5D,SAMSUNG S24 ULTRA,,0000124,B13807
VIDRIO TEMPLADO NUGLASS  2.5D,SAMSUNG S24 ULTRA,,0000124,B13807
VIDRIO TEMPLADO NUGLASS  2.5D,SAMSUNG S24 ULTRA,,0000124,B13807
VIDRIO TEMPLADO NUGLASS  2.5D,SAMSUNG S24 ULTRA,,0000124,B13807
VIDRIO TEMPLADO NUGLASS  2.5D,SAMSUNG S24 ULTRA,,0000124,B13807
VIDRIO TEMPLADO NUGLASS  2.5D,SAMSUNG S24 ULTRA,,0000124,B13807
VIDRIO TEMPLADO NUGLASS  2.5D,SAMSUNG S24 ULTRA,,0000124,B13807
VIDRIO TEMPLADO NUGLASS  2.5D,SAMSUNG S24 ULTRA,,0000124,B13807
VIDRIO TEMPLADO NUGLASS  2.5D,SAMSUNG S24 ULTRA,,0000124,B13807
VIDRIO TEMPLADO NUGLASS  2.5D,SAMSUNG S24 ULTRA,,0000124,B13807
VIDRIO TEMPLADO NUGLASS  2.5D,SAMSUNG S24 ULTRA,,0000124,B13807
VIDRIO TEMPLADO NUGLASS  2.5D,SAMSUNG S24 ULTRA,,0000124,B13807
VIDRIO TEMPLADO NUGLASS  2.5D,SAMSUNG S24 ULTRA,,0000124,B13807
VIDRIO TEMPLADO NUGLASS  2.5D,SAMSUNG S24 ULTRA,,0000124,B13807
VIDRIO TEMPLADO NUGLASS  2.5D,SAMSUNG S24 ULTRA,,0000124,B13807
VIDRIO TEMPLADO NUGLASS  2.5D,SAMSUNG S24 ULTRA,,0000124,B13807
VIDRIO TEMPLADO NUGLASS  2.5D,SAMSUNG S24 ULTRA,,0000124,B13807
VIDRIO TEMPLADO NUGLASS  2.5D,SAMSUNG S24 ULTRA,,0000124,B13807
VIDRIO TEMPLADO NUGLASS  2.5D,SAMSUNG S24 ULTRA,,0000124,B13807
VIDRIO TEMPLADO NUGLASS  2.5D,SAMSUNG S24 ULTRA,,0000124,B13807
VIDRIO TEMPLADO NUGLASS  2.5D,SAMSUNG S24 ULTRA,,0000124,B13807
VIDRIO TEMPLADO NUGLASS  2.5D,SAMSUNG S24 ULTRA,,0000124,B13807
VIDRIO TEMPLADO NUGLASS  2.5D,SAMSUNG S24 ULTRA,,0000124,B13807
VIDRIO TEMPLADO NUGLASS  2.5D,SAMSUNG S24 ULTRA,,0000124,B13807
VIDRIO TEMPLADO NUGLASS  2.5D,SAMSUNG S24 ULTRA,,0000124,B13807
VIDRIO TEMPLADO NUGLASS  2.5D,SAMSUNG S24 ULTRA,,0000124,B13807
VIDRIO TEMPLADO NUGLASS  2.5D,SAMSUNG S24 ULTRA,,0000124,B13807
VIDRIO TEMPLADO NUGLASS  2.5D,SAMSUNG S24 ULTRA,,0000124,B13807
VIDRIO TEMPLADO NUGLASS  2.5D,SAMSUNG S24 ULTRA,,0000124,B13807
VIDRIO TEMPLADO NUGLASS  2.5D,SAMSUNG S24 ULTRA,,0000124,B13807
VIDRIO TEMPLADO NUGLASS  2.5D,SAMSUNG S24 ULTRA,,0000124,B13807
VIDRIO TEMPLADO NUGLASS  2.5D,SAMSUNG S24 ULTRA,,0000124,B13807
VIDRIO TEMPLADO NUGLASS  2.5D,SAMSUNG S24 ULTRA,,0000124,B13807
VIDRIO TEMPLADO NUGLASS  2.5D,SAMSUNG S24 ULTRA,,0000124,B13807
VIDRIO TEMPLADO NUGLASS  2.5D,SAMSUNG S24 ULTRA,,0000124,B13807
VIDRIO TEMPLADO NUGLASS  2.5D,SAMSUNG S24 ULTRA,,0000124,B13807
VIDRIO TEMPLADO NUGLASS  2.5D,SAMSUNG S24 ULTRA,,0000124,B13807
VIDRIO TEMPLADO NUGLASS  2.5D,SAMSUNG S24 ULTRA,,0000124,B13807
VIDRIO TEMPLADO NUGLASS  2.5D,SAMSUNG S24 ULTRA,,0000124,B13807
VIDRIO TEMPLADO NUGLASS  2.5D,SAMSUNG S24 ULTRA,,0000124,B13807
VIDRIO TEMPLADO NUGLASS  2.5D,SAMSUNG S24 ULTRA,,0000124,B13807
VIDRIO TEMPLADO NUGLASS  2.5D,SAMSUNG S24 ULTRA,,0000124,B13807
VIDRIO TEMPLADO NUGLASS  2.5D,SAMSUNG S24 ULTRA,,0000124,B13807
VIDRIO TEMPLADO NUGLASS  2.5D,SAMSUNG S24 ULTRA,,0000124,B13807
VIDRIO TEMPLADO NUGLASS  2.5D,SAMSUNG S24 ULTRA,,0000124,B13807
VIDRIO TEMPLADO NUGLASS  2.5D,SAMSUNG S24 ULTRA,,0000124,B13807
VIDRIO TEMPLADO NUGLASS  2.5D,SAMSUNG S24 ULTRA,,0000124,B13807
VIDRIO TEMPLADO NUGLASS  2.5D,SAMSUNG S24 ULTRA,,0000124,B13807
VIDRIO TEMPLADO NUGLASS  2.5D,SAMSUNG S24 ULTRA,,0000124,B13807
VIDRIO TEMPLADO NUGLASS  2.5D,SAMSUNG S24 ULTRA,,0000124,B13807
VIDRIO TEMPLADO NUGLASS  2.5D,SAMSUNG S24 ULTRA,,0000124,B13807
VIDRIO TEMPLADO NUGLASS  2.5D,SAMSUNG S24 ULTRA,,0000124,B13807
VIDRIO TEMPLADO NUGLASS  2.5D,SAMSUNG S24 ULTRA,,0000124,B13807
VIDRIO TEMPLADO NUGLASS  2.5D,SAMSUNG S24 ULTRA,,0000124,B13807
VIDRIO TEMPLADO NUGLASS  5D,SAMSUNG S24 ULTRA,,0000124,B13808
VIDRIO TEMPLADO NUGLASS  5D,SAMSUNG S24 ULTRA,,0000124,B13808
VIDRIO TEMPLADO NUGLASS  5D,SAMSUNG S24 ULTRA,,0000124,B13808
VIDRIO TEMPLADO NUGLASS  5D,SAMSUNG S24 ULTRA,,0000124,B13808
VIDRIO TEMPLADO NUGLASS  5D,SAMSUNG S24 ULTRA,,0000124,B13808
VIDRIO TEMPLADO NUGLASS  5D,SAMSUNG S24 ULTRA,,0000124,B13808
VIDRIO TEMPLADO NUGLASS  5D,SAMSUNG S24 ULTRA,,0000124,B13808
VIDRIO TEMPLADO NUGLASS  5D,SAMSUNG S24 ULTRA,,0000124,B13808
VIDRIO TEMPLADO NUGLASS  5D,SAMSUNG S24 ULTRA,,0000124,B13808
VIDRIO TEMPLADO NUGLASS  5D,SAMSUNG S24 ULTRA,,0000124,B13808
VIDRIO TEMPLADO NUGLASS  5D,SAMSUNG S24 ULTRA,,0000124,B13808
VIDRIO TEMPLADO NUGLASS  5D,SAMSUNG S24 ULTRA,,0000124,B13808
VIDRIO TEMPLADO NUGLASS  5D,SAMSUNG S24 ULTRA,,0000124,B13808
VIDRIO TEMPLADO NUGLASS  5D,SAMSUNG S24 ULTRA,,0000124,B13808
VIDRIO TEMPLADO NUGLASS  5D,SAMSUNG S24 ULTRA,,0000124,B13808
VIDRIO TEMPLADO NUGLASS  5D,SAMSUNG S24 ULTRA,,0000124,B13808
VIDRIO TEMPLADO NUGLASS  5D,SAMSUNG S24 ULTRA,,0000124,B13808
VIDRIO TEMPLADO NUGLASS  5D,SAMSUNG S24 ULTRA,,0000124,B13808
VIDRIO TEMPLADO NUGLASS  5D,SAMSUNG S24 ULTRA,,0000124,B13808
VIDRIO TEMPLADO NUGLASS  5D,SAMSUNG S24 ULTRA,,0000124,B13808
VIDRIO TEMPLADO NUGLASS  5D,SAMSUNG S24 ULTRA,,0000124,B13808
VIDRIO TEMPLADO NUGLASS  5D,SAMSUNG S24 ULTRA,,0000124,B13808
VIDRIO TEMPLADO NUGLASS  5D,SAMSUNG S24 ULTRA,,0000124,B13808
VIDRIO TEMPLADO NUGLASS  5D,SAMSUNG S24 ULTRA,,0000124,B13808
VIDRIO TEMPLADO NUGLASS  5D,SAMSUNG S24 ULTRA,,0000124,B13808
VIDRIO TEMPLADO NUGLASS  5D,SAMSUNG S24 ULTRA,,0000124,B13808
VIDRIO TEMPLADO NUGLASS  5D,SAMSUNG S24 ULTRA,,0000124,B13808
VIDRIO TEMPLADO NUGLASS  5D,SAMSUNG S24 ULTRA,,0000124,B13808
VIDRIO TEMPLADO NUGLASS  5D,SAMSUNG S24 ULTRA,,0000124,B13808
VIDRIO TEMPLADO NUGLASS  5D,SAMSUNG S24 ULTRA,,0000124,B13808
VIDRIO TEMPLADO NUGLASS  5D,SAMSUNG S24 ULTRA,,0000124,B13808
VIDRIO TEMPLADO NUGLASS  5D,SAMSUNG S24 ULTRA,,0000124,B13808
VIDRIO TEMPLADO NUGLASS  5D,SAMSUNG S24 ULTRA,,0000124,B13808
VIDRIO TEMPLADO NUGLASS  5D,SAMSUNG S24 ULTRA,,0000124,B13808
VIDRIO TEMPLADO NUGLASS  5D,SAMSUNG S24 ULTRA,,0000124,B13808
VIDRIO TEMPLADO NUGLASS  5D,SAMSUNG S24 ULTRA,,0000124,B13808
VIDRIO TEMPLADO NUGLASS  5D,SAMSUNG S24 ULTRA,,0000124,B13808
VIDRIO TEMPLADO NUGLASS  5D,SAMSUNG S24 ULTRA,,0000124,B13808
VIDRIO TEMPLADO NUGLASS  5D,SAMSUNG S24 ULTRA,,0000124,B13808
VIDRIO TEMPLADO NUGLASS  5D,SAMSUNG S24 ULTRA,,0000124,B13808
VIDRIO TEMPLADO NUGLASS  5D,SAMSUNG S24 ULTRA,,0000124,B13808
VIDRIO TEMPLADO NUGLASS  5D,SAMSUNG S24 ULTRA,,0000124,B13808
VIDRIO TEMPLADO NUGLASS  5D,SAMSUNG S24 ULTRA,,0000124,B13808
VIDRIO TEMPLADO NUGLASS  5D,SAMSUNG S24 ULTRA,,0000124,B13808
VIDRIO TEMPLADO NUGLASS  5D,SAMSUNG S24 ULTRA,,0000124,B13808
VIDRIO TEMPLADO NUGLASS  5D,SAMSUNG S24 ULTRA,,0000124,B13808
VIDRIO TEMPLADO NUGLASS  5D,SAMSUNG S24 ULTRA,,0000124,B13808
VIDRIO TEMPLADO NUGLASS  5D,SAMSUNG S24 ULTRA,,0000124,B13808
VIDRIO TEMPLADO NUGLASS  5D,SAMSUNG S24 ULTRA,,0000124,B13808
VIDRIO TEMPLADO NUGLASS  5D,SAMSUNG S24 ULTRA,,0000124,B13808
CABLE DE CARGA,COLMI I30,,0000124,B12586
CABLE DE CARGA,COLMI I30,,0000124,B12586
CABLE DE CARGA,COLMI I30,,0000124,B12586
CABLE DE CARGA,COLMI I30,,0000124,B12586
CABLE DE CARGA,COLMI I30,,0000124,B12586
CABLE DE CARGA,COLMI I30,,0000124,B12586
CABLE DE CARGA,COLMI I30,,0000124,B12586
CABLE DE CARGA,COLMI I30,,0000124,B12586
CABLE DE CARGA,COLMI I30,,0000124,B12586
CABLE DE CARGA,COLMI I30,,0000124,B12586
CABLE DE CARGA,COLMI I30,,0000124,B12586
CABLE DE CARGA,COLMI I30,,0000124,B12586
CABLE DE CARGA,COLMI I30,,0000124,B12586
CABLE DE CARGA,COLMI I30,,0000124,B12586
CABLE DE CARGA,COLMI I30,,0000124,B12586
TRIPODE DE TRACCION RECTA,AKT-03 DE 1.49M,NEGRO,0000124,B13809
TRIPODE DE TRACCION RECTA,AKT-03 DE 1.49M,NEGRO,0000124,B13809
TRIPODE DE TRACCION RECTA,AKT-03 DE 1.49M,NEGRO,0000124,B13809
TRIPODE DE TRACCION RECTA,AKT-03 DE 1.49M,NEGRO,0000124,B13809
TRIPODE DE TRACCION RECTA,AKT-03 DE 1.49M,NEGRO,0000124,B13809
TRIPODE DE TRACCION RECTA,AKT-03 DE 1.49M,NEGRO,0000124,B13809
TRIPODE DE TRACCION RECTA,AKT-03 DE 1.49M,NEGRO,0000124,B13809
TRIPODE DE TRACCION RECTA,AKT-03 DE 1.49M,NEGRO,0000124,B13809
TRIPODE DE TRACCION RECTA,AKT-03 DE 1.49M,NEGRO,0000124,B13809
TRIPODE DE TRACCION RECTA,AKT-03 DE 1.49M,NEGRO,0000124,B13809
TRIPODE DE TRACCION RECTA,AKT-03 DE 1.49M,BLANCO,0000124,B13810
TRIPODE DE TRACCION RECTA,AKT-03 DE 1.49M,BLANCO,0000124,B13810
TRIPODE DE TRACCION RECTA,AKT-03 DE 1.49M,BLANCO,0000124,B13810
TRIPODE DE TRACCION RECTA,AKT-03 DE 1.49M,BLANCO,0000124,B13810
TRIPODE DE TRACCION RECTA,AKT-03 DE 1.49M,BLANCO,0000124,B13810
TRIPODE DE TRACCION RECTA,AKT-03 DE 1.49M,BLANCO,0000124,B13810
TRIPODE DE TRACCION RECTA,AKT-03 DE 1.49M,BLANCO,0000124,B13810
TRIPODE DE TRACCION RECTA,AKT-03 DE 1.49M,BLANCO,0000124,B13810
TRIPODE DE TRACCION RECTA,AKT-03 DE 1.49M,BLANCO,0000124,B13810
TRIPODE DE TRACCION RECTA,AKT-03 DE 1.49M,BLANCO,0000124,B13810
